precision,recall,accuracy,f1_score,log_loss,roc_auc
0.2,0.026315789473684209,0.98343601656398338,0.046511627906976744,0.05819866176901671,0.92209990009990006