precision,recall,accuracy,f1_score,log_loss,roc_auc
0.0,0.0,0.98466626578472638,0.0,0.069318763663327454,0.78557942057942054