precision,recall,accuracy,f1_score,log_loss,roc_auc
0.42603550295857989,0.0670391061452514,0.98522213855421692,0.11584875301689461,0.048316951521732633,0.98287712287712292