category,weight
01,0.583883744104278
02,0.38294739129505878
03,0.25638072363517883
04,0.083681848292407379
06,0.045950116454151119
05,-0.0070051544303291208
07,-0.01553172229187603
08,-0.15311398815069852
11,-0.17561646328135971
10,-0.21043159415915097
12,-0.2537505362583477
09,-0.27464763340381
13,-0.54998513880110189
16,-0.65618301509117238
14,-0.66040504525895993
15,-0.71854237472468019