precision,recall,accuracy,f1_score,log_loss,roc_auc
0.712468193384224,0.66193853427895977,0.69341317365269461,0.68627450980392157,0.57842239934512252,0.76591108891108894