precision,recall,accuracy,f1_score,log_loss,roc_auc
0.75471698113207553,0.8,0.76530612244897955,0.77669902912621358,0.55295203154945072,0.79540659340659337