num_fares,low_fare,high_fare,avg_fare,stddev
843834902,6.0,200.0,12.992423677031082,9.1520078369226141