num_fares,low_fare,high_fare,avg_fare,stddev
1108779463,-21474808.0,503325.53,11.105718581071885,650.44458032066052