num_fares,low_fare,high_fare,avg_fare,stddev
827365869,6.0,200.0,12.989136200806961,9.13980779190728